URL,Traffic,Traffic %,Positions,Traffic Change,AdWords Positions,Commercial Positions,Commercial Traffic,Informational Positions,Informational Traffic,Navigational Positions,Navigational Traffic,Transactional Positions,Transactional Traffic,Unknown Positions,Unknown Traffic
https://www.shoppingjin.pk/product/dawlance-mega-t15-1-ton-inverter-split-ac/,,0.00,,,,,,,,,,,,,
https://www.shoppingjin.pk/prices/kitchen-appliances/refrigerator/,,0.00,2,,,,,,,,,,,,
https://www.shoppingjin.pk/prices/kitchen-appliances/fryer/air/,,0.00,1,,,1,,,,,,,,,
https://www.shoppingjin.pk/product/general-gold-star-esmart-dc-inverter-ac/,,0.00,,,,,,,,,,,,,
https://www.shoppingjin.pk/product/experl-300w-600w-carbon-heaters/,,0.00,1,,,,,,,,,,,,
https://www.shoppingjin.pk/product/kemei-hair-trimmer-km-1892/,,0.00,,,,,,,,,,,,,
https://www.shoppingjin.pk/product/bloody-t70-terminator-gaming-mouse/,,0.00,,,,,,,,,,,,,
https://www.shoppingjin.pk/product/vivo-y21/,,0.00,,,,,,,,,,,,,
https://www.shoppingjin.pk/prices/home-appliances/air-conditioner/split/,,0.00,4,,,,,,,,,,,,
https://www.shoppingjin.pk/product/national-microwave-oven-20l/,,0.00,1,,,,,,,,,,,,
https://www.shoppingjin.pk/warranty/black-and-decker/,,0.00,1,,,,,,,,,,,,
https://www.shoppingjin.pk/price/logitech/,,0.00,,,,,,,,,,,,,
https://www.shoppingjin.pk/product/philips-series-8000-s8980-13-wet-dry-shaver/,,0.00,,,,,,,,,,,,,
https://www.shoppingjin.pk/product/samsung-series-6-rs50n3c13s-eu-american-style-fridge-freezer/,,0.00,1,,,,,,,,,,,,
https://www.shoppingjin.pk/prices/kitchen-appliances/oven/conventional/,,0.00,,,,,,,,,,,,,
https://www.shoppingjin.pk/price/homage/ups/,,0.00,,,,,,,,,,,,,
https://www.shoppingjin.pk/product/nonoo-electric-citrus-juicer/,,0.00,,,,,,,,,,,,,
https://www.shoppingjin.pk/prices/home-appliances/heater/,,0.00,,-1,,,,,,,,,,,
https://www.shoppingjin.pk/price/haier/refrigerator/,,0.00,2,,,,,,,,,,,,
https://www.shoppingjin.pk/prices/kitchen-appliances/water-dispenser/,,0.00,,,,,,,,,,,,,
https://www.shoppingjin.pk/product/oppo-a16/,,0.00,,,,,,,,,,,,,
https://www.shoppingjin.pk/product/panasonic-food-processor-mk-f800/,,0.00,,,,,,,,,,,,,
https://www.shoppingjin.pk/contact-us/,,0.00,1,,,,,,,,,,,,
https://www.shoppingjin.pk/product/samsung-galaxy-note-20-ultra-12gb512gb/,,0.00,1,,,,,,,,,,,,
https://www.shoppingjin.pk/product/giraffe-shaped-mini-led-projector-for-art-drawing-table/,,0.00,,,,,,,,,,,,,
https://www.shoppingjin.pk/prices/tv/lcd-led/,,0.00,2,,,,,,,,,,,,
https://www.shoppingjin.pk/product/kemei-km-1407-3in-1-electric-shaver/,,0.00,,,,,,,,,,,,,
https://www.shoppingjin.pk/prices/home-appliances/heater/room-electric/,,0.00,,,,,,,,,,,,,
https://www.shoppingjin.pk/product/homage-hvp-5015scc-vertex-series-plus-ups-inverter/,,0.00,,,,,,,,,,,,,
https://www.shoppingjin.pk/product/haier-microwave-oven-hmn-mm720-20-l/,,0.00,,,,,,,,,,,,,
http://shoppingjin.pk/?page=AhomeAbitromscAkemeitrimmersIpkAwp-adminAnetwork&edit=site-new.php,,0.00,1,,,,,,,,,,,,
https://www.shoppingjin.pk/prices/health-beauty/hair-care/straightener/,,0.00,,,,,,,,,,,,,
https://www.shoppingjin.pk/price/gree/ac-5/,,0.00,2,,,1,,,,,,,,,
https://www.shoppingjin.pk/product/changhong-ruba-32-inch-led-tv-l32h7n/,,0.00,,,,,,,,,,,,,
https://www.shoppingjin.pk/prices/home-appliances/air-cooler/,,0.00,8,,,,,,,,,,,,
https://www.shoppingjin.pk/product/nasgas-sem-101-semi-instant-electric-water-heater/,,0.00,1,,,,,,,,,,,,
https://www.shoppingjin.pk/prices/home-appliances/iron/,,0.00,1,,,,,,,,,,,,
https://www.shoppingjin.pk/price-list/automatic-washing-machine/,,0.00,2,,,,,,,,,,,,
https://www.shoppingjin.pk/prices/home-appliances/air-purifier/,,0.00,1,,,,,,,,,,,,
https://www.shoppingjin.pk/prices/home-appliances/ups/,,0.00,1,,,,,1,,,,,,,
https://www.shoppingjin.pk/prices/home-appliances/geyser/electric/instant/,,0.00,,,,,,,,,,,,,
https://www.shoppingjin.pk/prices/kitchen-appliances/juicer/,,0.00,,,,,,,,,,,,,
https://www.shoppingjin.pk/product/jbl-free-x-true-wireless-in-ear-headphones/,,0.00,,,,,,,,,,,,,
https://www.shoppingjin.pk/,,0.00,6,,,,,,,,,,,,
https://www.shoppingjin.pk/product/royal-spinner-machine-rd-112t/,,0.00,,,,,,,,,,,,,
https://www.shoppingjin.pk/prices/home-appliances/geyser/electric/,,0.00,,,,,,,,,,,,,
https://www.shoppingjin.pk/price/dawlance/ac-2/,,0.00,,,,,,,,,,,,,
https://www.shoppingjin.pk/prices/kitchen-appliances/refrigerator/mini/,,0.00,,,,,,,,,,,,,
https://www.shoppingjin.pk/product/remington-hair-straightener-pearl-s9500/,,0.00,,,,,,,,,,,,,
https://www.shoppingjin.pk/product/dell-latitude-e7450-i5-8gb-256gb-silver/,,0.00,,,,,,,,,,,,,
https://www.shoppingjin.pk/prices/home-appliances/air-conditioner/,,0.00,7,,,,,,,,,,,,
https://www.shoppingjin.pk/price/dawlance/refrigerator-2/,,0.00,7,,,,,,,3,,3,,,
https://www.shoppingjin.pk/prices/home-appliances/air-conditioner/split/dc-inverter/,,0.00,11,,,2,,,,,,,,,
https://www.shoppingjin.pk/product/royal-water-proof-ceiling-fan-emperor/,,0.00,,,,,,,,,,,,,
https://www.shoppingjin.pk/product/orient-elegant-18g-1-5-ton-inverter-ac/,,0.00,,-13,,,,,,,,,,,
https://www.shoppingjin.pk/price/dawlance/dishwasher/,,0.00,,,,,,,,,,,,,
https://www.shoppingjin.pk/prices/home-appliances/washing-machine/semi-automatic/,,0.00,1,,,,,,,,,,,,
https://www.shoppingjin.pk/product/dawlance-aurora-dwhd-7082-ionic-hair-dryer/,,0.00,,,,,,,,,,,,,
https://www.shoppingjin.pk/price/boss/air-cooler-1/,,0.00,,,,,,,,,,,,,
https://www.shoppingjin.pk/prices/home-appliances/washing-machine/,,0.00,3,,,1,,,,,,,,,
https://www.shoppingjin.pk/product/tcl-65p79k-4k-uhd-qled-tv/,,0.00,,,,,,,,,,,,,
https://www.shoppingjin.pk/product/edifier-active-bluetooth-bookshelf-speakers-r1280dbs/,,0.00,,,,,,,,,,,,,
https://www.shoppingjin.pk/prices/kitchen-appliances/water-filter/,,0.00,,,,,,,,,,,,,
https://www.shoppingjin.pk/price/haier/ac/,,0.00,,,,,,,,,,,,,
https://www.shoppingjin.pk/prices/home-appliances/fan/ceiling/,,0.00,1,,,,,,,,,,,,
https://www.shoppingjin.pk/prices/home-appliances/vacuum-cleaner/,,0.00,,-5,,,,,,,,,,,
https://www.shoppingjin.pk/prices/kitchen-appliances/cooking/hood/,,0.00,1,,,,,,,,,,,,
https://www.shoppingjin.pk/price/dawlance/washing-machine-2/,,0.00,,,,,,,,,,,,,
https://www.shoppingjin.pk/price/boya-mic/,,0.00,1,,,,,,,,,,,,
https://www.shoppingjin.pk/product/aicok-slow-masticating-juice-extractor/,,0.00,1,,,,,,,,,,,,