Source Url,Target Url,Anchor,Source Title,Target Title,Page Ascore,Domain Ascore,Response Code,First Seen,Last Seen,External Link Num,Internal Link Num,Source Size,Ip,Lang,Position,Nofollow,Sponsored,Ugc,Redirect,Text,Image,Form,Frame,Sitewide,Newlink,Lostlink,Lost Due,Redirect Url,Redirect Code,Image Url,Image Alt,Author Id,Author Name,Platform,Mobile,Canonical,Canonical Resolved,Urlanchor
https://vijayapickles.com/,https://www.shoppingjin.pk/prices/home-appliances/ups/,situs toto 4d,vijayapickles.com,,52,11,200,2026-04-30 03:04:43,2026-05-06 08:42:53,2194,60,303014,82.25.125.146,en,content,No,No,No,No,Yes,No,No,No,No,Yes,No,,,0,,,0,,blog,Yes,No,No,No
https://mancomunidad.org/,https://www.shoppingjin.pk/prices/home-appliances/ups/,situs toto 4d,Mancomunidad de Municipios - Costa del Sol occidental,,50,22,200,2026-04-30 09:41:15,2026-05-20 23:43:11,3001,106,397270,31.24.41.137,es,,No,No,No,No,Yes,No,No,No,No,Yes,No,,,0,,,0,,blog,Yes,No,No,No
https://siber.news/,https://www.shoppingjin.pk/prices/home-appliances/ups/,situs toto 4d,Sibernews - Informasi Menjadi Berita,,46,8,200,2026-04-30 13:01:17,2026-05-01 13:41:31,2230,109,816219,147.79.79.66,id,,No,No,No,No,Yes,No,No,No,No,Yes,No,,,0,,,0,,blog,Yes,No,No,No
https://amjiafacxz.blogspot.com/,https://shoppingjin.pk/,shoppingjin.pk,amjiafa,,43,2,200,2025-10-15 22:05:25,2026-01-20 05:35:53,18029,12,1730805,172.253.122.132,,content,Yes,No,No,No,Yes,No,No,No,No,No,No,,,0,,,0,,blog,Yes,No,No,Yes
https://angahcawz.blogspot.com/,https://shoppingjin.pk/,shoppingjin.pk,angahcaw,,43,2,200,2025-10-16 19:17:44,2026-01-20 03:10:35,18029,12,1730831,142.251.163.132,,content,Yes,No,No,No,Yes,No,No,No,No,No,No,,,0,,,0,,blog,Yes,No,No,Yes
https://breshadfr.blogspot.com/,https://shoppingjin.pk/,shoppingjin.pk,breshadfr,,43,2,200,2025-10-18 07:36:56,2026-01-20 15:06:42,18029,12,1730813,142.251.163.132,,content,Yes,No,No,No,Yes,No,No,No,No,No,No,,,0,,,0,,blog,Yes,No,No,Yes
https://ccjsdzcxz.blogspot.com/,https://shoppingjin.pk/,shoppingjin.pk,ccjsdzcxz,,43,2,200,2025-10-16 06:17:23,2026-01-19 14:46:06,18029,12,1730822,142.251.163.132,,content,Yes,No,No,No,Yes,No,No,No,No,No,No,,,0,,,0,,blog,Yes,No,No,Yes
https://cdaodelicxz.blogspot.com/,https://shoppingjin.pk/,shoppingjin.pk,cdaodelicxz,,43,2,200,2025-10-16 07:14:12,2026-01-19 08:17:47,18029,12,1730875,142.251.163.132,,content,Yes,No,No,No,Yes,No,No,No,No,No,No,,,0,,,0,,blog,Yes,No,No,Yes
https://aausadicxz.blogspot.com/,https://shoppingjin.pk/,shoppingjin.pk,aausadibn,,42,2,200,2025-10-16 03:22:20,2026-01-16 23:19:13,18029,12,1730840,142.251.111.132,,content,Yes,No,No,No,Yes,No,No,No,No,No,No,,,0,,,0,,blog,Yes,No,No,Yes
https://aexswapcxz.blogspot.com/,https://shoppingjin.pk/,shoppingjin.pk,aexswapcxz,,42,2,200,2025-10-15 16:58:47,2026-01-19 21:46:17,18029,12,1730853,142.251.163.132,,content,Yes,No,No,No,Yes,No,No,No,No,No,No,,,0,,,0,,blog,Yes,No,No,Yes
https://annawgaq.blogspot.com/,https://shoppingjin.pk/,shoppingjin.pk,annawga,,42,2,200,2025-10-18 06:13:39,2026-01-20 02:45:49,18029,12,1730769,142.251.163.132,,content,Yes,No,No,No,Yes,No,No,No,No,No,No,,,0,,,0,,blog,Yes,No,No,Yes
https://axzieccc.blogspot.com/,https://shoppingjin.pk/,shoppingjin.pk,axziec,,42,2,200,2025-10-15 12:14:36,2026-01-19 17:40:44,18029,12,1730765,142.251.163.132,,content,Yes,No,No,No,Yes,No,No,No,No,No,No,,,0,,,0,,blog,Yes,No,No,Yes
https://bclxwaw.blogspot.com/,https://shoppingjin.pk/,shoppingjin.pk,bclxwa,,42,2,200,2025-10-16 09:24:29,2026-01-20 05:10:32,18029,12,1730747,172.253.122.132,,content,Yes,No,No,No,Yes,No,No,No,No,No,No,,,0,,,0,,blog,Yes,No,No,Yes
https://blfczjaqd.blogspot.com/,https://shoppingjin.pk/,shoppingjin.pk,blfczjaq,,42,2,200,2025-10-16 11:51:36,2026-01-17 01:38:10,18029,12,1730809,142.251.111.132,,content,Yes,No,No,No,Yes,No,No,No,No,No,No,,,0,,,0,,blog,Yes,No,No,Yes
https://cbdccncc.blogspot.com/,https://shoppingjin.pk/,shoppingjin.pk,cbdccncxz,,42,2,200,2025-10-17 08:46:41,2026-01-19 14:30:39,18029,12,1730850,172.253.122.132,,content,Yes,No,No,No,Yes,No,No,No,No,No,No,,,0,,,0,,blog,Yes,No,No,Yes
https://cyceliumbn.blogspot.com/,https://shoppingjin.pk/,shoppingjin.pk,cyceliumcx,,42,2,200,2025-10-16 14:40:31,2026-01-18 15:14:22,18029,12,1730853,142.251.163.132,,content,Yes,No,No,No,Yes,No,No,No,No,No,No,,,0,,,0,,blog,Yes,No,No,Yes
https://dqdccara.blogspot.com/,https://shoppingjin.pk/,shoppingjin.pk,dqdccara,,42,2,200,2025-10-16 10:57:11,2026-01-18 03:51:18,18029,12,1730791,172.253.122.132,,content,Yes,No,No,No,Yes,No,No,No,No,No,No,,,0,,,0,,blog,Yes,No,No,Yes
https://dsignqeweww.blogspot.com/,https://shoppingjin.pk/,shoppingjin.pk,dsignq,,42,2,200,2025-10-18 15:17:55,2026-01-19 12:03:28,18029,12,1730819,142.251.163.132,,content,Yes,No,No,No,Yes,No,No,No,No,No,No,,,0,,,0,,blog,Yes,No,No,Yes
https://dtgrtycxz.blogspot.com/,https://shoppingjin.pk/,shoppingjin.pk,dtgrty,,42,2,200,2025-10-18 15:09:31,2026-01-19 19:03:56,18029,12,1730783,172.253.122.132,,content,Yes,No,No,No,Yes,No,No,No,No,No,No,,,0,,,0,,blog,Yes,No,No,Yes
https://dylluxaad.blogspot.com/,https://shoppingjin.pk/,shoppingjin.pk,dylluxaa,,42,2,200,2025-10-16 16:13:03,2026-01-17 09:45:29,18029,12,1730846,142.251.111.132,,content,Yes,No,No,No,Yes,No,No,No,No,No,No,,,0,,,0,,blog,Yes,No,No,Yes
https://elitlcxz.blogspot.com/,https://shoppingjin.pk/,shoppingjin.pk,elitlcxz,,42,2,200,2025-10-15 20:28:35,2026-01-20 11:07:10,18029,12,1730791,172.253.122.132,,content,Yes,No,No,No,Yes,No,No,No,No,No,No,,,0,,,0,,blog,Yes,No,No,Yes
https://wiinmasw.blogspot.com/,https://shoppingjin.pk/,shoppingjin.pk,wiinmas,,42,2,200,2025-10-16 16:44:25,2026-01-20 12:48:41,18029,12,1730778,172.253.122.132,,content,Yes,No,No,No,Yes,No,No,No,No,No,No,,,0,,,0,,blog,Yes,No,No,Yes
https://zandbxazf.blogspot.com/,https://shoppingjin.pk/,shoppingjin.pk,zandbxaz,,42,2,200,2025-10-16 03:57:03,2026-01-18 04:35:02,18029,12,1730809,142.251.163.132,,content,Yes,No,No,No,Yes,No,No,No,No,No,No,,,0,,,0,,blog,Yes,No,No,Yes
https://mcqpalaxf.blogspot.com/,https://shoppingjin.pk/,shoppingjin.pk,mcqpalax,,34,2,200,2025-10-16 02:20:34,2026-01-20 16:47:47,18029,12,1730809,64.233.180.132,,content,Yes,No,No,No,Yes,No,No,No,No,No,No,,,0,,,0,,blog,Yes,No,No,Yes
https://apostlevinodkumar.in/,https://www.shoppingjin.pk/prices/home-appliances/ups/,bandar togel,Home - Apostle Vinod Kumar,,32,2,200,2026-04-24 22:56:14,2026-04-24 22:56:14,227,34,139899,195.200.9.24,en,,No,No,No,No,Yes,No,No,No,No,Yes,No,,,0,,,0,,blog,Yes,No,No,No
https://qc.search.yahoo.com/mobile/s?b=43&ei=UTF-8&p=Ryan%2BBader&pz=7&xargs=0,https://www.shoppingjin.pk/prices/kitchen-appliances/egg-boiler/,www.shoppingjin.pk › prices › kitchen-appliances Egg Boiler Price in Pakistan 2026,Ryan+Bader - Yahoo Recherche - Actualités,,23,100,200,2026-02-22 02:15:14,2026-02-22 02:15:14,8,27,144727,66.218.84.137,fr,,No,No,No,No,Yes,No,No,No,No,No,No,,,0,,,0,,,Yes,No,No,No
https://4.bing.com/images/search?FORM=IRMHRS&q=Dyson%2BMulti%2BFloor%2BVacuum,https://www.shoppingjin.pk/product/dyson-multi-floor-vacuum-cleaner/,shoppingjin.pk,Dyson+Multi+Floor+Vacuum - Search Images,shoppingjin.pk,22,97,200,2025-06-14 04:44:09,2026-04-11 12:04:01,33,337,436655,150.171.27.10,en,content,No,No,No,No,Yes,No,No,No,No,No,No,,,0,,,0,,,No,No,No,Yes
https://connect.mozilla.org/t5/discussions/blocking-time-and-increase-inp-due-to-large-js-files/m-p/73793,https://www.shoppingjin.pk/price/panasonic/trimmer/,category page,Blocking time and increase INP due to large JS fil... - Mozilla Connect,,21,92,200,2025-09-02 21:42:41,2026-02-02 23:18:20,5,45,400668,18.160.46.117,en,,Yes,No,No,No,Yes,No,No,No,No,No,No,,,0,,,0,,,Yes,No,No,No
https://support.discord.com/hc/en-us/community/posts/21233703405463-Personal-Messages-API,https://shoppingjin.pk/,shoppingjin.pk,Personal Messages API – Discord,,21,95,200,2025-08-06 14:19:18,2026-05-17 11:11:59,14,55,45049,162.159.136.232,en,content,Yes,No,No,No,Yes,No,No,No,No,No,No,,,0,,,0,,,Yes,No,No,Yes
https://www.gsmarena.com/tecno_pop_8-reviews-12644p2.php,https://www.shoppingjin.pk/product/techno-spark-8-pro/,https://www.shoppingjin.pk/product/techno-spark-8-pro/,Tecno Pop 8 - User opinions and reviews - page 2,,20,87,200,2025-12-24 18:46:26,2026-04-13 20:08:06,13,123,50005,148.251.96.211,en,,Yes,No,No,No,Yes,No,No,No,No,No,No,,,0,,,0,,,No,No,No,Yes
https://www.credaipune.org/,https://www.shoppingjin.pk/prices/home-appliances/ups/,situs toto 4d,CREDAI-Pune | Property in Pune | Flats in Pune | Best Pune Properties,,19,26,200,2026-05-04 13:18:29,2026-05-04 13:18:29,2347,44,275676,178.16.136.236,en,,No,No,No,No,Yes,No,No,No,No,Yes,No,,,0,,,0,,,Yes,No,No,No
http://www.zslelekovice.cz/,https://www.shoppingjin.pk/loyalty-program/,mahjong ways 2,ZŠ Lelekovice,,17,2,200,2026-04-21 13:23:19,2026-04-21 13:23:19,4867,84,347375,81.91.86.12,en,,No,No,No,No,Yes,No,No,No,No,No,No,,,0,,,0,,,Yes,No,No,No
https://www.change.org/p/control-on-cfcs-and-save-the-environment,https://www.shoppingjin.pk/,https://www.shoppingjin.pk/,Petition · Control on CFCs and save the environment - United States · Change.org,,16,66,200,2025-09-02 13:21:01,2026-04-05 01:30:20,8,44,295566,104.17.89.51,en,content,No,No,No,No,Yes,No,No,No,No,No,No,,,0,,,11955392730039804000,Sinan Moin,,Yes,No,No,Yes
https://www.googlenestcommunity.com/t5/Home-Automation/Ac-turns-on-when-it-s-cool-out/m-p/637085,https://www.shoppingjin.pk/prices/home-appliances/air-conditioner/,ac,Ac turns on when it's cool out - Google Nest Community,,11,46,200,2025-08-16 21:52:29,2025-12-27 20:21:09,17,71,567518,3.167.99.75,en,,Yes,No,No,No,Yes,No,No,No,No,No,No,,,0,,,0,,,Yes,No,No,No
https://www.kitandkimtechnicalcampus.org/,https://www.shoppingjin.pk/prices/home-appliances/ups/,situs toto 4d,Home | KIT and KIM Technical Campus,,11,22,200,2026-05-01 01:16:35,2026-05-01 01:16:35,2194,38,343937,195.200.9.93,en,,No,No,No,No,Yes,No,No,No,No,Yes,No,,,0,,,0,,,Yes,No,No,No
https://lavenderblush-owl-174515.hostingersite.com/product-category/brands/page/2/,https://www.shoppingjin.pk/all/charging-time/8hr/,8hr,BRANDS – Page 2 – lavenderblush-owl-174515.hostingersite.com,,10,42,200,2025-09-05 11:48:32,2026-04-21 06:26:43,2,300,384945,88.223.87.200,en,content,No,No,No,No,Yes,No,No,No,No,No,No,,,0,,,0,,"blog, ecommerce",Yes,No,No,No
https://www.sitelike.org/similar/shoppingjin.pk/,https://www.shoppingjin.pk/,shoppingjin.pk,Top 63 Sites like shoppingjin.pk – Similar Websites & Alternatives,,10,41,200,2025-10-31 07:51:19,2026-02-23 10:54:41,17,258,649700,172.67.69.134,en,content,Yes,No,No,No,No,Yes,No,No,No,No,No,,,0,https://www.sitelike.org/images/external-link.jpg,shoppingjin.pk,0,,,Yes,No,No,Yes
http://www.assetintegritygroup.com/,https://www.shoppingjin.pk/loyalty-program/,mahjong ways 2,"Asset Integrity Group Nepal Rope Access Training and Operation Kathmandu IRATA SSPC NDT Welding Sandblasting Arbor Rope Access Training and Operation Centre in Kathmandu, Nepal",,7,2,200,2026-04-21 08:37:39,2026-04-21 08:37:39,4867,14,354624,104.21.44.60,zxx,,No,No,No,No,Yes,No,No,No,No,No,No,,,0,,,0,,,Yes,No,No,No
https://klikviral.com/,https://www.shoppingjin.pk/prices/home-appliances/ups/,situs toto 4d,Klik Viral - Sekali Klik Viral,,7,6,200,2026-05-18 05:30:51,2026-05-18 05:30:51,2773,75,320749,212.1.212.117,id,,No,No,No,No,Yes,No,No,No,No,Yes,No,,,0,,,0,,blog,Yes,No,No,No
https://origin-googlenest.lithium.com/t5/Home-Automation/Ac-turns-on-when-it-s-cool-out/m-p/664081,https://www.shoppingjin.pk/prices/home-appliances/air-conditioner/,ac,Re: Ac turns on when it's cool out - Google Nest Community,,7,33,200,2025-08-18 14:50:19,2025-11-13 05:34:43,17,71,566640,52.13.221.14,en,,Yes,No,No,No,Yes,No,No,No,No,No,No,,,0,,,0,,,Yes,No,No,No
https://albaheej.org/,https://www.shoppingjin.pk/prices/home-appliances/ups/,situs toto 4d,Albaheej Institute - Islamic Education & Learning,,6,2,200,2026-04-27 07:20:24,2026-05-23 04:17:12,7062,35,616762,162.0.209.127,en,,No,No,No,No,Yes,No,No,No,No,Yes,No,,,0,,,0,,,Yes,No,No,No
https://askai.glarity.app/search/What-are-the-features-and-specifications-of-the-Homage-Solar-Inverter-3000-watts,https://www.shoppingjin.pk/product/homage-hvs-3014scc-vertex-series-3000-watt-ups-inverter/?srsltid=AfmBOooUtzVB2azw3qvw9t6aYw-cBNJi_wnzpsUvgEs6Mck4-CEwXKpo,[3,What are the features and specifications of the Homage Solar Inverter 3000 watts? - Ask and Answer - Glarity,,6,30,200,2025-12-09 20:41:37,2026-05-10 00:29:26,13,40,92615,104.21.32.145,en,,Yes,No,No,No,Yes,No,No,No,No,No,No,,,0,,,0,,,Yes,No,No,No
http://funadvice.com/shoppingjin,https://www.shoppingjin.pk/,shoppingjin.pk,Shopping Jin @ Funadvice,,5,26,200,2025-11-12 15:52:31,2026-03-13 07:43:03,6,28,20814,104.21.91.89,en,content,No,No,No,No,Yes,No,No,No,No,No,No,,,0,,,0,,,Yes,No,No,Yes
https://viesearch.com/20wgi/shopping-jin,https://www.shoppingjin.pk/,https://www.shoppingjin.pk/,Shopping Jin - Viesearch,"Shopping Jin - Shopping Jin is an online shopping store in Pakistan, offering stylish products for men, women, and kids at affordable prices.",5,27,200,2025-09-27 17:12:15,2026-02-06 22:17:22,7,34,17755,162.0.220.250,en,,No,No,No,No,Yes,No,No,No,No,No,No,,,0,,,0,,,Yes,No,No,Yes
https://www.alfatah.com.pk/product/pel-4-ton-floor-standing-ac-pfsac-48k-bold/,https://www.shoppingjin.pk/price/pel/ac-12/,PEL AC,Pel 4 Ton Floor Standing AC PFSAC-48K Bold,,5,27,200,2024-07-27 23:48:00,2026-05-10 19:50:23,9,515,485457,46.202.136.217,en,content,No,No,No,No,Yes,No,No,No,No,No,No,,,0,,,0,,blog,Yes,No,No,No
https://www.semfirms.com/profile/shopping-jin,https://www.shoppingjin.pk/,https://www.shoppingjin.pk/,Shopping Jin | SEM Firms,,5,26,200,2025-10-03 04:09:26,2026-05-17 23:54:40,11,28,30249,104.21.33.35,en,content,No,No,No,No,Yes,No,No,No,No,No,No,,,0,,,0,,cms,Yes,No,No,Yes
http://domain.vsw.jp/shoppingjin.pk/,https://www.shoppingjin.pk/,,shoppingjin.pk Review,,4,24,200,2025-11-05 07:11:56,2026-05-11 08:04:25,1,1,6457,157.7.184.30,en,,No,No,No,No,No,No,No,Yes,No,No,No,,,0,,,0,,,No,No,No,No
https://b2bpakistan.com/11/home_appliances-shopping_jin-256107.html,https://www.shoppingjin.pk/,www.shoppingjin.pk,Shopping Jin - CompanyLocation,,3,21,200,2025-08-27 05:10:37,2026-04-13 14:04:13,11,13,23075,66.23.226.182,,,No,No,No,No,Yes,No,No,No,No,No,No,,,0,,,0,Pakistan Business Directory,,Yes,No,No,Yes
https://weboworld.com/listing/punjab/lahore/Electronics-and-Telecommunications/shoppingjin,https://www.shoppingjin.pk/,,Shoppingjin - Weboworld Business Directory,,3,22,200,2025-06-20 15:59:12,2025-12-11 16:48:09,12,26,33753,31.220.89.162,en,,No,No,No,No,Yes,No,No,No,No,No,No,,,0,,,0,,,Yes,No,No,No
https://primeenterprise.net/,https://www.shoppingjin.pk/prices/home-appliances/ups/,situs toto 4d,PRIME ENTERPRISES - Empowering Businesses with Smart IT & Scalable Software,,2,9,200,2026-05-15 00:53:49,2026-05-15 00:53:49,2848,0,197559,147.79.79.117,en,,No,No,No,No,Yes,No,No,No,No,Yes,No,,,0,,,0,,,Yes,No,No,No
https://www.kodelagroup.com/,https://www.shoppingjin.pk/prices/home-appliances/ups/,situs toto 4d,Kodela Group,,2,9,200,2026-05-07 13:50:27,2026-05-14 14:16:38,2801,18,210673,82.25.125.146,en,,No,No,No,No,Yes,No,No,No,No,Yes,No,,,0,,,0,,,Yes,No,No,No
https://wearelcc.triplenerdscore.xyz/lubxcz/k6xvr/article.php?page=boss-air-cooler-remote-control,https://www.shoppingjin.pk/prices/home-appliances/air-cooler/,Air Cooler price in pakistan - latest price 2022,boss air cooler remote control,,1,14,200,2025-08-11 23:37:42,2026-05-04 13:48:29,9,64,66693,172.67.142.136,en,content,No,No,No,No,Yes,No,No,No,No,No,No,,,0,,,0,,,Yes,No,No,No
https://www.urlumbrella.com/site/shoppingjin.pk,https://shoppingjin.pk/,shoppingjin.pk,URL Umbrella,,1,17,200,2025-09-24 11:44:38,2026-04-01 03:45:06,3,8,8278,23.227.194.28,,,No,No,No,No,Yes,No,No,No,No,No,No,,,0,,,0,,,No,No,No,Yes
http://eiretravel.com/itinerary/dromoland-castle-with-irish-bbs/,https://www.shoppingjin.pk/sale/,sabung ayam,Dromoland Castle with Irish B&B’s – EireTravel,,0,6,200,2026-04-23 03:56:14,2026-04-23 03:56:14,216,25,159503,192.250.229.111,en,,No,No,No,No,Yes,No,No,No,No,No,No,,,0,,,0,,blog,Yes,No,No,No
http://heavenarticle.com/brand-building-across-media-categories/,https://shoppingjin.pk/,shoppingjin,Brand Building Across Media Categories | Heaven Article,,0,6,200,2025-08-19 18:27:43,2026-03-22 03:17:10,2286,34,171591,66.29.152.77,,,No,No,No,No,Yes,No,No,No,No,No,No,,,0,,,0,,blog,Yes,No,No,No
http://kingranks.com/brand-building-across-media-categories/,https://shoppingjin.pk/,shoppingjin,Brand Building Across Media Categories | King Ranks,,0,6,200,2025-02-19 09:56:59,2026-05-18 15:45:01,2286,27,169570,172.67.139.78,,,No,No,No,No,Yes,No,No,No,No,No,No,,,0,,,0,,blog,Yes,No,No,No
http://knows.sbs/domain/domain/part/212869,https://shoppingjin.pk/,shoppingjin.pk,seo domain research,shoppingjin.pk,0,2,200,2026-04-27 21:05:02,2026-04-27 21:05:02,1981,3,562058,147.135.215.43,en,,Yes,No,No,No,Yes,No,No,No,No,Yes,No,,,0,,,0,,,Yes,No,No,Yes
http://seol.store/domain/domain/part/212869,https://shoppingjin.pk/,shoppingjin.pk,seo domain research,shoppingjin.pk,0,8,200,2026-01-17 16:42:25,2026-05-13 10:26:53,4252,3,716745,147.135.215.43,en,,Yes,No,No,No,Yes,No,No,No,No,No,No,,,0,,,0,,,Yes,No,No,Yes
http://skolkalelekovice.cz/clanek.php?id=109,https://www.shoppingjin.pk/loyalty-program/,mahjong ways 2,ZŠ Lelekovice,,0,7,200,2026-04-22 01:48:23,2026-04-22 01:48:23,4870,67,350698,81.91.86.14,en,,No,No,No,No,Yes,No,No,No,No,No,No,,,0,,,0,,,Yes,No,No,No
http://takes.homes/domain/domain/part/212869,https://shoppingjin.pk/,shoppingjin.pk,seo domain research,shoppingjin.pk,0,2,200,2026-02-08 20:12:01,2026-02-08 20:12:01,5041,3,842190,147.135.215.43,en,,Yes,No,No,No,Yes,No,No,No,No,No,No,,,0,,,0,,,Yes,No,No,Yes
http://wants.cfd/domain/domain/part/212869,https://shoppingjin.pk/,shoppingjin.pk,seo domain research,shoppingjin.pk,0,2,200,2026-03-23 15:22:32,2026-03-23 15:22:32,5041,3,842440,147.135.215.43,en,,Yes,No,No,No,Yes,No,No,No,No,No,No,,,0,,,0,,,Yes,No,No,Yes
http://www.all.ind.in/domain-list-232,http://shoppingjin.pk/,shoppingjin.pk,all.ind.in | few of top websites | page no. 232,,0,2,200,2025-11-11 02:37:49,2025-11-11 02:37:49,1000,1020,331999,68.178.238.49,en,,Yes,No,No,No,Yes,No,No,No,No,No,No,,,0,,,0,,,Yes,No,No,Yes
http://www.allaboutseo.net/domain-list-232,http://shoppingjin.pk/,shoppingjin.pk,allaboutseo.net | few of top websites | page no. 232,,0,2,200,2025-09-26 02:23:21,2025-11-17 04:25:01,1000,1020,332015,68.178.238.49,en,,Yes,No,No,No,Yes,No,No,No,No,No,No,,,0,,,0,,,Yes,No,No,Yes
http://www.backlinks.sbs/domain-list-229,http://shoppingjin.pk/,shoppingjin.pk,backlinks.sbs | few of top websites | page no. 229,,0,3,200,2025-08-16 20:12:28,2026-05-19 20:40:04,1000,1020,431265,118.139.181.189,en,,Yes,No,No,No,Yes,No,No,No,No,No,No,,,0,,,0,,,Yes,No,No,Yes
http://www.bestadultdirectory.com/domain-list-229,http://shoppingjin.pk/,shoppingjin.pk,bestadultdirectory.com | few of top websites | page no. 229,,0,3,200,2025-08-09 21:58:33,2025-11-23 19:58:46,1000,1018,330454,184.168.114.4,en,,Yes,No,No,No,Yes,No,No,No,No,No,No,,,0,,,0,,,Yes,No,No,Yes
http://www.bestweddingdirectory.com/domain-list-229,http://shoppingjin.pk/,shoppingjin.pk,bestweddingdirectory.com | few of top websites | page no. 229,,0,3,200,2026-02-24 18:10:37,2026-02-24 18:10:37,1000,1020,431297,118.139.181.189,en,,Yes,No,No,No,Yes,No,No,No,No,No,No,,,0,,,0,,,Yes,No,No,Yes
http://www.foxtuning.com/domain-list-232,http://shoppingjin.pk/,shoppingjin.pk,foxtuning.com | few of top websites | page no. 232,,0,3,200,2025-11-04 15:40:38,2025-11-17 22:55:54,1000,1020,332008,68.178.238.49,en,,Yes,No,No,No,Yes,No,No,No,No,No,No,,,0,,,0,,,Yes,No,No,Yes
http://www.freeglobaldirectory.com/domain-list-232,http://shoppingjin.pk/,shoppingjin.pk,freeglobaldirectory.com | few of top websites | page no. 232,,0,3,200,2025-10-11 18:22:45,2025-11-23 04:28:37,1000,1020,332041,68.178.238.49,en,,Yes,No,No,No,Yes,No,No,No,No,No,No,,,0,,,0,,,Yes,No,No,Yes
http://www.fullclassical.com/domain-list-232,http://shoppingjin.pk/,shoppingjin.pk,fullclassical.com | few of top websites | page no. 232,,0,2,200,2025-04-08 16:12:44,2026-05-09 18:16:15,1000,1020,332023,68.178.238.49,en,,Yes,No,No,No,Yes,No,No,No,No,No,No,,,0,,,0,,,Yes,No,No,Yes
http://www.in.homes/domain-list-232,http://shoppingjin.pk/,shoppingjin.pk,in.homes | few of top websites | page no. 232,,0,2,200,2025-11-23 13:38:18,2026-05-15 00:56:31,1000,1020,331995,68.178.238.49,en,,Yes,No,No,No,Yes,No,No,No,No,No,No,,,0,,,0,,,Yes,No,No,Yes
http://www.lifesblog.com/domain-list-229,http://shoppingjin.pk/,shoppingjin.pk,lifesblog.com | few of top websites | page no. 229,,0,3,200,2025-04-21 02:26:25,2026-02-15 04:56:21,1000,1020,431267,118.139.181.189,en,,Yes,No,No,No,Yes,No,No,No,No,No,No,,,0,,,0,,,Yes,No,No,Yes
http://www.newdirectory.org/domain-list-232,http://shoppingjin.pk/,shoppingjin.pk,newdirectory.org | few of top websites | page no. 232,,0,5,200,2025-10-12 04:01:06,2026-04-28 05:09:41,1000,1020,332018,68.178.238.49,en,,Yes,No,No,No,Yes,No,No,No,No,No,No,,,0,,,0,,,Yes,No,No,Yes
http://www.onemilliondomains.com/domain-list-229,http://shoppingjin.pk/,shoppingjin.pk,onemilliondomains.com | few of top websites | page no. 229,,0,3,200,2025-07-30 11:43:30,2026-04-22 01:15:05,1000,1020,431291,118.139.181.189,en,,Yes,No,No,No,Yes,No,No,No,No,No,No,,,0,,,0,,,Yes,No,No,Yes
http://www.phinin.com/domain-list-229,http://shoppingjin.pk/,shoppingjin.pk,phinin.com | few of top websites | page no. 229,,0,3,200,2026-03-13 10:37:07,2026-03-13 10:37:07,1000,1020,431255,118.139.181.189,en,,Yes,No,No,No,Yes,No,No,No,No,No,No,,,0,,,0,,,Yes,No,No,Yes
http://www.sitelinkdirectory.com/domain-list-232,http://shoppingjin.pk/,shoppingjin.pk,sitelinkdirectory.com | few of top websites | page no. 232,,0,2,200,2025-04-11 12:54:19,2026-03-28 19:52:39,1000,1020,332032,68.178.238.49,en,,Yes,No,No,No,Yes,No,No,No,No,No,No,,,0,,,0,,,Yes,No,No,Yes
http://www.techpark.org/domain-list-232,http://shoppingjin.pk/,shoppingjin.pk,techpark.org | few of top websites | page no. 232,,0,2,200,2025-04-08 16:38:48,2026-05-15 06:12:13,1000,1020,332007,68.178.238.49,en,,Yes,No,No,No,Yes,No,No,No,No,No,No,,,0,,,0,,,Yes,No,No,Yes
http://www.topglobalbusinesses.com/domain-list-232,http://shoppingjin.pk/,shoppingjin.pk,topglobalbusinesses.com | few of top websites | page no. 232,,0,3,200,2025-10-11 15:37:49,2025-11-23 00:03:00,1000,1020,332040,68.178.238.49,en,,Yes,No,No,No,Yes,No,No,No,No,No,No,,,0,,,0,,,Yes,No,No,Yes
http://www.w3bdirectory.com/domain-list-229,http://shoppingjin.pk/,shoppingjin.pk,w3bdirectory.com | few of top websites | page no. 229,,0,3,200,2025-08-08 08:08:56,2026-04-13 20:34:30,1000,1020,431274,118.139.181.189,en,,Yes,No,No,No,Yes,No,No,No,No,No,No,,,0,,,0,,,Yes,No,No,Yes
http://www.warazon.com/domain-list-232,http://shoppingjin.pk/,shoppingjin.pk,warazon.com | few of top websites | page no. 232,,0,4,200,2025-04-21 23:52:49,2025-12-02 14:10:33,1000,1020,332003,68.178.238.49,en,,Yes,No,No,No,Yes,No,No,No,No,No,No,,,0,,,0,,,Yes,No,No,Yes
http://www.x.nom.co/domain-list-232,http://shoppingjin.pk/,shoppingjin.pk,x.nom.co | few of top websites | page no. 232,,0,2,200,2025-04-14 08:30:23,2026-05-14 13:05:09,1000,1020,331995,68.178.238.49,en,,Yes,No,No,No,Yes,No,No,No,No,No,No,,,0,,,0,,,Yes,No,No,Yes
https://911dryerventcleaningstafford.com/?d=95523717,https://www.shoppingjin.pk/wp-content/uploads/2023/08/remote-control-stunt-car-2-shoppingjin.pk-1.jpg,K10 2 hotsell channel helicopter,K10 2 hotsell channel helicopter,,0,2,200,2025-09-02 13:43:37,2025-11-15 12:15:51,10,213,471632,208.109.212.146,en,content,No,No,No,No,No,Yes,No,No,No,No,No,,,0,https://www.shoppingjin.pk/wp-content/uploads/2023/08/remote-control-stunt-car-2-shoppingjin.pk-1.jpg,K10 2 hotsell channel helicopter,0,,,Yes,No,No,No
https://aarenblizbeth.pages.dev/ptwcxef-best-refrigerators-2024-in-pakistan-2024-photos-imwuxvg/,https://www.shoppingjin.pk/,www.shoppingjin.pk,Best Refrigerators 2024 In Pakistan 2024 - Doreen Stacie,,0,2,200,2026-05-17 02:19:11,2026-05-17 02:19:11,13,27,48758,172.66.44.181,en,,No,No,No,No,Yes,No,No,No,No,Yes,No,,,0,,,0,,,Yes,No,No,Yes
https://abbesydney.pages.dev/wfxwqnm-refrigerator-price-in-pakistan-2024-photos-fffdiwy/,https://www.shoppingjin.pk/,www.shoppingjin.pk,Refrigerator Price In Pakistan 2024 - Tedda Mariska,,0,2,200,2025-07-30 20:39:14,2026-03-19 15:04:08,11,34,56224,172.66.44.94,en,content,No,No,No,No,Yes,No,No,No,No,No,No,,,0,,,0,,,Yes,No,No,Yes
https://ac-hacks.pages.dev/,https://www.shoppingjin.pk/wp-content/uploads/2022/05/orient-beta-12g-1-0-ton-shoppingjin.pk-500x500.jpg,Air Conditioner Price in Pakistan 2022 - Latest AC Model,home depot portable air conditioner 14000 btu,,0,2,200,2025-08-11 09:37:56,2026-03-18 18:30:37,2431,2505,1663134,172.66.47.116,en,content,No,No,No,No,No,Yes,No,No,No,No,No,,,0,https://tse3.mm.bing.net/th?id=OIP.NuJTMERD0ANdoYWZ51UIoAHaHa&pid=15.1,Air Conditioner Price in Pakistan 2022 - Latest AC Model,0,,,Yes,No,No,No
https://achacks.pages.dev/,https://www.shoppingjin.pk/wp-content/uploads/2020/05/12lm4-shoppingjin.pk-768x768.jpg,Air Conditioner Price in Pakistan 2022 - Latest AC Model,air conditioner compressor goes on and off,,0,2,200,2025-10-19 19:38:37,2026-05-20 20:49:44,2420,2505,1666450,172.66.47.190,en,content,No,No,No,No,No,Yes,No,No,No,No,No,,,0,https://tse1.mm.bing.net/th?id=OIP._mUiZMBST4MYESMKvH8tqQHaHa&pid=15.1,Air Conditioner Price in Pakistan 2022 - Latest AC Model,0,,,Yes,No,No,No
https://actips.pages.dev/,https://www.shoppingjin.pk/wp-content/webp-express/webp-images/uploads/2021/12/AC-prices-in-Pakistan.png.webp,Air Conditioner Price in Pakistan 2024 - Latest AC Model,air conditioner lawn mower,,0,2,200,2025-06-25 12:03:54,2026-03-12 05:49:59,2404,2505,1649735,172.66.47.102,en,content,No,No,No,No,No,Yes,No,No,No,No,No,,,0,https://tse2.mm.bing.net/th?id=OIP.QKK5p_ZgNrLJHd9QQC_pBgHaFM&pid=15.1,Air Conditioner Price in Pakistan 2024 - Latest AC Model,0,,,Yes,No,No,No
https://adisamarthfoundation.com/category/education/,https://www.shoppingjin.pk/sale/,sabung ayam,NGO Working for Child Education in India | AdiSamarth Foundation,,0,2,200,2026-04-18 20:53:19,2026-04-18 20:53:19,215,41,101107,91.108.103.157,en,,No,No,No,No,Yes,No,No,No,No,No,No,,,0,,,0,,"blog, ecommerce",Yes,No,No,No
https://adornebauroora.pages.dev/tyjxurr-nintendo-switch-2024-price-in-pakistan-images-djbeohs/,https://www.shoppingjin.pk/,www.shoppingjin.pk,Nintendo Switch 2024 Price In Pakistan - Doris Germain,,0,2,200,2025-09-18 23:13:10,2025-12-06 18:49:57,12,30,47071,172.66.47.156,en,content,No,No,No,No,Yes,No,No,No,No,No,No,,,0,,,0,,,Yes,No,No,Yes
https://afta.luxurycarsonrent.in/?ph=133375019502,https://www.shoppingjin.pk/wp-content/uploads/2022/12/21-shoppingjin.pk-4.jpg,WestPoint WF-9901 250W Hand Mixer Shopping jin 1,Afta: WestPoint WF-9901 250W Hand Mixer Shopping jin,,0,2,200,2026-03-08 10:19:07,2026-03-08 10:19:07,1,27,43404,95.216.78.46,en,,No,No,No,No,No,Yes,No,No,No,No,No,,,0,https://www.shoppingjin.pk/wp-content/uploads/2022/12/21-shoppingjin.pk-4.jpg,WestPoint WF-9901 250W Hand Mixer Shopping jin 1,0,,,Yes,No,No,No
https://aggievaloysia.pages.dev/zkcyszn-xbox-series-x-price-2024-mrsioef/,https://www.shoppingjin.pk/,www.shoppingjin.pk,Xbox Series X Price 2024 - Imelda Jacquie,,0,2,200,2025-10-22 14:30:48,2026-04-29 14:23:12,11,31,45393,172.66.44.182,en,content,No,No,No,No,Yes,No,No,No,No,No,No,,,0,,,0,,,Yes,No,No,Yes
https://airconditioner.pages.dev/,https://www.shoppingjin.pk/wp-content/uploads/2020/05/12lm4-shoppingjin.pk-768x768.jpg,Air Conditioner Price in Pakistan 2022 - Latest AC Model,air conditioner serial number search,,0,2,200,2025-11-18 23:36:12,2026-03-12 06:06:38,1790,1836,1205555,172.66.47.67,en,content,No,No,No,No,No,Yes,No,No,No,No,No,,,0,https://tse1.mm.bing.net/th?id=OIP._mUiZMBST4MYESMKvH8tqQHaHa&pid=15.1,Air Conditioner Price in Pakistan 2022 - Latest AC Model,0,,,Yes,No,No,No
https://aitalentcorp.com/?a=54934917,https://www.shoppingjin.pk/wp-content/uploads/2021/12/philips-bhb86200-shoppingjin.pk.jpg,Cost of hair sale curler,Cost of hair sale curler,,0,2,200,2025-11-17 00:46:08,2025-11-17 00:46:08,10,462,405837,63.250.43.5,en,content,No,No,No,No,No,Yes,No,No,No,No,No,,,0,https://www.shoppingjin.pk/wp-content/uploads/2021/12/philips-bhb86200-shoppingjin.pk.jpg,Cost of hair sale curler,0,,,Yes,No,No,No
https://alaineqraychel.pages.dev/ewwebhe-lamborghini-veneno-price-2024-photos-geveljs/,https://www.shoppingjin.pk/,www.shoppingjin.pk,Lamborghini Veneno Price 2024 - Roxi Maritsa,,0,2,200,2025-08-13 09:33:00,2026-04-27 21:42:23,11,28,47776,172.66.47.89,en,,No,No,No,No,Yes,No,No,No,No,No,No,,,0,,,0,,,Yes,No,No,Yes
https://alexkaterine.pages.dev/xyxnuos-medium-size-fridge-price-in-pakistan-2024-photos-ztopkgd/,https://www.shoppingjin.pk/,www.shoppingjin.pk,Medium Size Fridge Price In Pakistan 2024 - Tori Wrennie,,0,2,200,2025-10-17 13:56:30,2026-05-14 02:42:48,10,37,57943,172.66.45.42,en,content,No,No,No,No,Yes,No,No,No,No,No,No,,,0,,,0,,,Yes,No,No,Yes
https://alicabladinh.pages.dev/ufauk-wf-2025-gpmim/,https://www.shoppingjin.pk/,www.shoppingjin.pk,Wf 2025 - Alica Bladin,,0,0,200,2025-08-07 12:12:46,2026-04-24 10:31:33,11,38,53137,172.66.47.97,en,content,No,No,No,No,Yes,No,No,No,No,No,No,,,0,,,0,,,Yes,No,No,Yes
https://alilconnelly.pages.dev/frnho-csd-led-price-list-2025-pakistan-vaspd/,https://www.shoppingjin.pk/,www.shoppingjin.pk,Csd Led Price List 2025 Pakistan - Ali L Connelly,,0,0,200,2025-09-29 10:29:13,2026-04-19 19:41:06,8,32,48014,172.66.47.190,en,,No,No,No,No,Yes,No,No,No,No,No,No,,,0,,,0,,,Yes,No,No,Yes
https://alishaqnicolle.pages.dev/mfdlahi-best-air-cooler-in-pakistan-2024-photos-nzstwaz/,https://www.shoppingjin.pk/,www.shoppingjin.pk,Best Air Cooler In Pakistan 2024 - Dyann Caprice,,0,2,200,2025-08-18 20:33:46,2026-02-11 15:56:46,10,40,83065,172.66.44.123,en,content,No,No,No,No,Yes,No,No,No,No,No,No,,,0,,,0,,,Yes,No,No,Yes
https://alvirabshelley.pages.dev/xuaalxo-best-simple-coffee-maker-2025-sjmpqbu/,https://www.shoppingjin.pk/,www.shoppingjin.pk,Best Simple Coffee Maker 2025 - Ivory Gusella,,0,2,200,2025-01-07 23:54:23,2026-04-22 14:15:25,11,38,58502,172.66.44.209,en,content,No,No,No,No,Yes,No,No,No,No,No,No,,,0,,,0,,,Yes,No,No,Yes
https://amabelvlindsay.pages.dev/cqketwb-lamborghini-veneno-price-2024-photos-cglzort/,https://www.shoppingjin.pk/,www.shoppingjin.pk,Lamborghini Veneno Price 2024 - Quinn Carmelia,,0,2,200,2026-02-24 22:24:57,2026-02-24 22:24:57,11,38,58057,172.66.44.95,en,content,No,No,No,No,Yes,No,No,No,No,No,No,,,0,,,0,,,Yes,No,No,Yes
https://amalieyyvette.pages.dev/pzoktkm-fridge-price-in-pakistan-2023-images-kecslei/,https://www.shoppingjin.pk/,www.shoppingjin.pk,Fridge Price In Pakistan 2023 - Reina Charleen,,0,2,200,2025-10-20 05:38:12,2026-03-16 10:14:28,12,35,55750,172.66.44.76,en,content,No,No,No,No,Yes,No,No,No,No,No,No,,,0,,,0,,,Yes,No,No,Yes